net,ref,pin,pin_name,sheet
ADC_BAT,RVTOP,2,2,01_power
ADC_BAT,RVBOT,1,1,01_power
ADC_BAT,CV,1,1,01_power
ADC_BAT,UADC,1,CH0,03_io
ARM_BUTTON,SARM,2,2,02_watchdog
ARM_BUTTON,RARM,1,1,02_watchdog
ARM_EDGE,UFF,1,CLK,02_watchdog
ARM_EDGE,USCH,4,Y,02_watchdog
ARM_RC,RARM,2,2,02_watchdog
ARM_RC,RARM_PD,1,1,02_watchdog
ARM_RC,CARM,1,1,02_watchdog
ARM_RC,USCH,2,A,02_watchdog
BAT_FUSED,F1,2,2,01_power
BAT_FUSED,S0,1,1,01_power
BAT_RAW,BT1,1,PACK+,01_power
BAT_RAW,F1,1,1,01_power
BAT_SW,S0,2,2,01_power
BAT_SW,F2,1,1,01_power
BAT_SW,K1,1,MAIN_IN,01_power
BAT_SW,S1B,1,1,01_power
BAT_SW,SPRE,1,1,01_power
BAT_SW,RVTOP,1,1,01_power
BUCK_IN,F2,2,2,01_power
BUCK_IN,PS1,1,IN+,01_power
BUMPER_SENSE,JPI,18,BCM24,03_io
BUMPER_SENSE,SBU,1,1,04_sensors
BUMPER_SENSE,RSBU,2,2,04_sensors
CLEAR_N,S5A,2,2,02_watchdog
CLEAR_N,RCLR,1,1,02_watchdog
CLEAR_N,UFF,6,nCLR,02_watchdog
CLIFF_SENSE,JPI,22,BCM25,03_io
CLIFF_SENSE,SCL,1,1,04_sensors
CLIFF_SENSE,RSCL,2,2,04_sensors
COIL_LOW,K1,4,COIL-,01_power
COIL_LOW,Q1,2,D,01_power
COIL_LOW,D1,2,A,01_power
COIL_PLUS,K1,3,COIL+,01_power
COIL_PLUS,S1B,2,2,01_power
COIL_PLUS,D1,1,K,01_power
CUR0,UADC,2,CH1,03_io
CUR0,RFLT0,2,2,05_motor_left
CUR0,CFLT0,1,1,05_motor_left
CUR1,UADC,3,CH2,03_io
CUR1,RFLT1,2,2,06_motor_right
CUR1,CFLT1,1,1,06_motor_right
CUR2,UADC,4,CH3,03_io
CUR2,RFLT2,2,2,07_motor_brush
CUR2,CFLT2,1,1,07_motor_brush
CUR3,UADC,5,CH4,03_io
CUR3,RFLT3,2,2,08_motor_belt
CUR3,CFLT3,1,1,08_motor_belt
CWD_SET,UWD,2,CWD,02_watchdog
CWD_SET,RCWD,2,2,02_watchdog
DIR0,UDIR,21,GPA0,03_io
DIR0,UM0,2,PH,05_motor_left
DIR0,RPH0,1,1,05_motor_left
DIR1,UDIR,22,GPA1,03_io
DIR1,UM1,2,PH,06_motor_right
DIR1,RPH1,1,1,06_motor_right
DIR2,UDIR,23,GPA2,03_io
DIR2,UM2,2,PH,07_motor_brush
DIR2,RPH2,1,1,07_motor_brush
DIR3,UDIR,24,GPA3,03_io
DIR3,UM3,2,PH,08_motor_belt
DIR3,RPH3,1,1,08_motor_belt
DIR_RST,UDIR,18,nRESET,03_io
DIR_RST,RDIR,2,2,03_io
DROP_BEAM,JPI,33,BCM13,03_io
DROP_BEAM,JB1,2,OC_3V3,04_sensors
DROP_BEAM,RB1,2,2,04_sensors
DRV_FAULT_N,JPI,36,BCM16,03_io
DRV_FAULT_N,RF,2,2,04_sensors
DRV_FAULT_N,UM0,4,nFAULT,05_motor_left
DRV_FAULT_N,UM1,4,nFAULT,06_motor_right
DRV_FAULT_N,UM2,4,nFAULT,07_motor_brush
DRV_FAULT_N,UM3,4,nFAULT,08_motor_belt
ENC0A,UENC0,12,A,03_io
ENC0A,JENC0,2,A,03_io
ENC0B,UENC0,11,B,03_io
ENC0B,JENC0,3,B,03_io
ENC1A,UENC1,12,A,03_io
ENC1A,JENC1,2,A,03_io
ENC1B,UENC1,11,B,03_io
ENC1B,JENC1,3,B,03_io
ENC_CLK,UENC0,2,fCKi,03_io
ENC_CLK,UENC1,2,fCKi,03_io
ENC_CLK,X1,3,OUT,03_io
ESTOP_SENSE,JPI,16,BCM23,03_io
ESTOP_SENSE,SES,1,1,04_sensors
ESTOP_SENSE,RSES,2,2,04_sensors
FULL_SENSE,JPI,31,BCM6,03_io
FULL_SENSE,SFU,1,1,04_sensors
FULL_SENSE,RSFU,2,2,04_sensors
GND,BT1,2,PACK-,01_power
GND,PS1,2,IN-,01_power
GND,PS1,4,OUT-,01_power
GND,JUSB1,2,GND,01_power
GND,K1,6,AUX_COM,01_power
GND,Q1,3,S,01_power
GND,RGS1,2,2,01_power
GND,CBULK,2,2,01_power
GND,RBLEED,2,2,01_power
GND,RVBOT,2,2,01_power
GND,CV,2,2,01_power
GND,UWD,4,GND,02_watchdog
GND,UWD,9,PAD,02_watchdog
GND,RWD_PD,2,2,02_watchdog
GND,RCLR,2,2,02_watchdog
GND,UFF,4,GND,02_watchdog
GND,RARM_PD,2,2,02_watchdog
GND,CARM,2,2,02_watchdog
GND,USCH,3,GND,02_watchdog
GND,UAND,3,GND,02_watchdog
GND,UINV,3,GND,02_watchdog
GND,UGATE,1,nOE,02_watchdog
GND,UGATE,3,GND,02_watchdog
GND,RSA,2,2,02_watchdog
GND,RHB,2,2,02_watchdog
GND,RSLEEP,2,2,02_watchdog
GND,RHW,2,2,02_watchdog
GND,CWD,2,2,02_watchdog
GND,CFF,2,2,02_watchdog
GND,CSCH,2,2,02_watchdog
GND,CAND,2,2,02_watchdog
GND,CINV,2,2,02_watchdog
GND,CGATE,2,2,02_watchdog
GND,JPI,6,GND,03_io
GND,UADC,7,CH6,03_io
GND,UADC,8,CH7,03_io
GND,UADC,9,DGND,03_io
GND,UADC,14,AGND,03_io
GND,UDIR,10,VSS,03_io
GND,UDIR,15,A0,03_io
GND,UDIR,16,A1,03_io
GND,UDIR,17,A2,03_io
GND,UPWM,1,A0,03_io
GND,UPWM,2,A1,03_io
GND,UPWM,3,A2,03_io
GND,UPWM,4,A3,03_io
GND,UPWM,5,A4,03_io
GND,UPWM,14,VSS,03_io
GND,UPWM,24,A5,03_io
GND,UPWM,27,EXTCLK,03_io
GND,UENC0,3,VSS,03_io
GND,JENC0,4,GND,03_io
GND,UENC1,3,VSS,03_io
GND,JENC1,4,GND,03_io
GND,X1,2,GND,03_io
GND,CADC,2,2,03_io
GND,CDIR,2,2,03_io
GND,CPWM,2,2,03_io
GND,CENC0,2,2,03_io
GND,CENC1,2,2,03_io
GND,CX,2,2,03_io
GND,SES,2,2,04_sensors
GND,SBU,2,2,04_sensors
GND,SCL,2,2,04_sensors
GND,SGU,2,2,04_sensors
GND,SFU,2,2,04_sensors
GND,JB0,3,GND,04_sensors
GND,JB1,3,GND,04_sensors
GND,JRANGE,3,GND,04_sensors
GND,UM0,7,IMODE,05_motor_left
GND,UM0,9,PGND,05_motor_left
GND,UM0,15,GND,05_motor_left
GND,UM0,16,PMODE,05_motor_left
GND,UM0,17,PAD,05_motor_left
GND,CVM0,2,2,05_motor_left
GND,CB0,2,2,05_motor_left
GND,RIP0,2,2,05_motor_left
GND,CFLT0,2,2,05_motor_left
GND,RVB0,2,2,05_motor_left
GND,REN0,2,2,05_motor_left
GND,RPH0,2,2,05_motor_left
GND,UM1,7,IMODE,06_motor_right
GND,UM1,9,PGND,06_motor_right
GND,UM1,15,GND,06_motor_right
GND,UM1,16,PMODE,06_motor_right
GND,UM1,17,PAD,06_motor_right
GND,CVM1,2,2,06_motor_right
GND,CB1,2,2,06_motor_right
GND,RIP1,2,2,06_motor_right
GND,CFLT1,2,2,06_motor_right
GND,RVB1,2,2,06_motor_right
GND,REN1,2,2,06_motor_right
GND,RPH1,2,2,06_motor_right
GND,UM2,7,IMODE,07_motor_brush
GND,UM2,9,PGND,07_motor_brush
GND,UM2,15,GND,07_motor_brush
GND,UM2,16,PMODE,07_motor_brush
GND,UM2,17,PAD,07_motor_brush
GND,CVM2,2,2,07_motor_brush
GND,CB2,2,2,07_motor_brush
GND,RIP2,2,2,07_motor_brush
GND,CFLT2,2,2,07_motor_brush
GND,RVB2,2,2,07_motor_brush
GND,REN2,2,2,07_motor_brush
GND,RPH2,2,2,07_motor_brush
GND,UM3,7,IMODE,08_motor_belt
GND,UM3,9,PGND,08_motor_belt
GND,UM3,15,GND,08_motor_belt
GND,UM3,16,PMODE,08_motor_belt
GND,UM3,17,PAD,08_motor_belt
GND,CVM3,2,2,08_motor_belt
GND,CB3,2,2,08_motor_belt
GND,RIP3,2,2,08_motor_belt
GND,CFLT3,2,2,08_motor_belt
GND,RVB3,2,2,08_motor_belt
GND,REN3,2,2,08_motor_belt
GND,RPH3,2,2,08_motor_belt
GUARD_SENSE,JPI,29,BCM5,03_io
GUARD_SENSE,SGU,1,1,04_sensors
GUARD_SENSE,RSGU,2,2,04_sensors
HEARTBEAT,UWD,6,WDI,02_watchdog
HEARTBEAT,RHB,1,1,02_watchdog
HEARTBEAT,JPI,15,BCM22,03_io
HW_ENABLE,UFF,5,Q,02_watchdog
HW_ENABLE,UAND,2,B,02_watchdog
HW_ENABLE,UGATE,2,A,02_watchdog
HW_ENABLE,RHW,1,1,02_watchdog
I2C_SCL,JPI,5,BCM3,03_io
I2C_SCL,UPWM,25,SCL,03_io
I2C_SDA,JPI,3,BCM2,03_io
I2C_SDA,UPWM,26,SDA,03_io
INTAKE_BEAM,JPI,32,BCM12,03_io
INTAKE_BEAM,JB0,2,OC_3V3,04_sensors
INTAKE_BEAM,RB0,2,2,04_sensors
K1_GATE,Q1,1,G,01_power
K1_GATE,RG1,2,2,01_power
K1_GATE,RGS1,1,1,01_power
K1_GATE_DRIVE,RG1,1,1,01_power
K1_GATE_DRIVE,UGATE,4,Y,02_watchdog
K1_SENSE,K1,5,AUX_NO,01_power
K1_SENSE,JPI,37,BCM26,03_io
K1_SENSE,RK,2,2,04_sensors
M0_CPH,UM0,13,CPH,05_motor_left
M0_CPH,CCP0,1,1,05_motor_left
M0_CPL,UM0,14,CPL,05_motor_left
M0_CPL,CCP0,2,2,05_motor_left
M0_IP,UM0,6,IPROPI,05_motor_left
M0_IP,RIP0,1,1,05_motor_left
M0_IP,RFLT0,1,1,05_motor_left
M0_OUT1,UM0,8,OUT1,05_motor_left
M0_OUT1,M0,1,+ / forward,05_motor_left
M0_OUT1,CM0,1,1,05_motor_left
M0_OUT2,UM0,10,OUT2,05_motor_left
M0_OUT2,M0,2,- / reverse,05_motor_left
M0_OUT2,CM0,2,2,05_motor_left
M0_VCP,UM0,12,VCP,05_motor_left
M0_VCP,CVCP0,1,1,05_motor_left
M0_VM,FM0,2,2,05_motor_left
M0_VM,UM0,11,VM,05_motor_left
M0_VM,CVCP0,2,2,05_motor_left
M0_VM,CVM0,1,1,05_motor_left
M0_VM,CB0,1,1,05_motor_left
M0_VREF,UM0,5,VREF,05_motor_left
M0_VREF,RVT0,2,2,05_motor_left
M0_VREF,RVB0,1,1,05_motor_left
M1_CPH,UM1,13,CPH,06_motor_right
M1_CPH,CCP1,1,1,06_motor_right
M1_CPL,UM1,14,CPL,06_motor_right
M1_CPL,CCP1,2,2,06_motor_right
M1_IP,UM1,6,IPROPI,06_motor_right
M1_IP,RIP1,1,1,06_motor_right
M1_IP,RFLT1,1,1,06_motor_right
M1_OUT1,UM1,8,OUT1,06_motor_right
M1_OUT1,M1,1,+ / forward,06_motor_right
M1_OUT1,CM1,1,1,06_motor_right
M1_OUT2,UM1,10,OUT2,06_motor_right
M1_OUT2,M1,2,- / reverse,06_motor_right
M1_OUT2,CM1,2,2,06_motor_right
M1_VCP,UM1,12,VCP,06_motor_right
M1_VCP,CVCP1,1,1,06_motor_right
M1_VM,FM1,2,2,06_motor_right
M1_VM,UM1,11,VM,06_motor_right
M1_VM,CVCP1,2,2,06_motor_right
M1_VM,CVM1,1,1,06_motor_right
M1_VM,CB1,1,1,06_motor_right
M1_VREF,UM1,5,VREF,06_motor_right
M1_VREF,RVT1,2,2,06_motor_right
M1_VREF,RVB1,1,1,06_motor_right
M2_CPH,UM2,13,CPH,07_motor_brush
M2_CPH,CCP2,1,1,07_motor_brush
M2_CPL,UM2,14,CPL,07_motor_brush
M2_CPL,CCP2,2,2,07_motor_brush
M2_IP,UM2,6,IPROPI,07_motor_brush
M2_IP,RIP2,1,1,07_motor_brush
M2_IP,RFLT2,1,1,07_motor_brush
M2_OUT1,UM2,8,OUT1,07_motor_brush
M2_OUT1,M2,1,+ / forward,07_motor_brush
M2_OUT1,CM2,1,1,07_motor_brush
M2_OUT2,UM2,10,OUT2,07_motor_brush
M2_OUT2,M2,2,- / reverse,07_motor_brush
M2_OUT2,CM2,2,2,07_motor_brush
M2_VCP,UM2,12,VCP,07_motor_brush
M2_VCP,CVCP2,1,1,07_motor_brush
M2_VM,FM2,2,2,07_motor_brush
M2_VM,UM2,11,VM,07_motor_brush
M2_VM,CVCP2,2,2,07_motor_brush
M2_VM,CVM2,1,1,07_motor_brush
M2_VM,CB2,1,1,07_motor_brush
M2_VREF,UM2,5,VREF,07_motor_brush
M2_VREF,RVT2,2,2,07_motor_brush
M2_VREF,RVB2,1,1,07_motor_brush
M3_CPH,UM3,13,CPH,08_motor_belt
M3_CPH,CCP3,1,1,08_motor_belt
M3_CPL,UM3,14,CPL,08_motor_belt
M3_CPL,CCP3,2,2,08_motor_belt
M3_IP,UM3,6,IPROPI,08_motor_belt
M3_IP,RIP3,1,1,08_motor_belt
M3_IP,RFLT3,1,1,08_motor_belt
M3_OUT1,UM3,8,OUT1,08_motor_belt
M3_OUT1,M3,1,+ / forward,08_motor_belt
M3_OUT1,CM3,1,1,08_motor_belt
M3_OUT2,UM3,10,OUT2,08_motor_belt
M3_OUT2,M3,2,- / reverse,08_motor_belt
M3_OUT2,CM3,2,2,08_motor_belt
M3_VCP,UM3,12,VCP,08_motor_belt
M3_VCP,CVCP3,1,1,08_motor_belt
M3_VM,FM3,2,2,08_motor_belt
M3_VM,UM3,11,VM,08_motor_belt
M3_VM,CVCP3,2,2,08_motor_belt
M3_VM,CVM3,1,1,08_motor_belt
M3_VM,CB3,1,1,08_motor_belt
M3_VREF,UM3,5,VREF,08_motor_belt
M3_VREF,RVT3,2,2,08_motor_belt
M3_VREF,RVB3,1,1,08_motor_belt
PRE_R,SPRE,2,2,01_power
PRE_R,RPRE,1,1,01_power
PWM0,UPWM,6,LED0,03_io
PWM0,UM0,1,EN,05_motor_left
PWM0,REN0,1,1,05_motor_left
PWM1,UPWM,7,LED1,03_io
PWM1,UM1,1,EN,06_motor_right
PWM1,REN1,1,1,06_motor_right
PWM2,UPWM,8,LED2,03_io
PWM2,UM2,1,EN,07_motor_brush
PWM2,REN2,1,1,07_motor_brush
PWM3,UPWM,9,LED3,03_io
PWM3,UM3,1,EN,08_motor_belt
PWM3,REN3,1,1,08_motor_belt
PWM_OE,UINV,4,Y,02_watchdog
PWM_OE,UPWM,23,nOE,03_io
PWM_OE,ROE,2,2,03_io
RANGE_OUT,UADC,6,CH5,03_io
RANGE_OUT,JRANGE,2,OUT_0_3V3,04_sensors
RUN_EN,UAND,4,Y,02_watchdog
RUN_EN,UINV,2,A,02_watchdog
RUN_EN,RSLEEP,1,1,02_watchdog
RUN_EN,UM0,3,nSLEEP,05_motor_left
RUN_EN,UM1,3,nSLEEP,06_motor_right
RUN_EN,UM2,3,nSLEEP,07_motor_brush
RUN_EN,UM3,3,nSLEEP,08_motor_belt
SAFE_1,S1A,2,2,02_watchdog
SAFE_1,S3A,1,1,02_watchdog
SAFE_2,S3A,2,2,02_watchdog
SAFE_2,S4A,1,1,02_watchdog
SAFE_3,S4A,2,2,02_watchdog
SAFE_3,S5A,1,1,02_watchdog
SOFT_ARM,UAND,1,A,02_watchdog
SOFT_ARM,RSA,1,1,02_watchdog
SOFT_ARM,JPI,13,BCM27,03_io
SPI0_CS0,JPI,24,BCM8,03_io
SPI0_CS0,UADC,10,nCS,03_io
SPI0_CS1,JPI,26,BCM7,03_io
SPI0_CS1,UDIR,11,nCS,03_io
SPI0_MISO,JPI,21,BCM9,03_io
SPI0_MISO,UADC,12,DOUT,03_io
SPI0_MISO,UDIR,14,SO,03_io
SPI0_MOSI,JPI,19,BCM10,03_io
SPI0_MOSI,UADC,11,DIN,03_io
SPI0_MOSI,UDIR,13,SI,03_io
SPI0_SCLK,JPI,23,BCM11,03_io
SPI0_SCLK,UADC,13,CLK,03_io
SPI0_SCLK,UDIR,12,SCK,03_io
SPI1_CS0,JPI,12,BCM18,03_io
SPI1_CS0,UENC0,4,nSS,03_io
SPI1_CS1,JPI,11,BCM17,03_io
SPI1_CS1,UENC1,4,nSS,03_io
SPI1_MISO,JPI,35,BCM19,03_io
SPI1_MISO,UENC0,6,MISO,03_io
SPI1_MISO,UENC1,6,MISO,03_io
SPI1_MOSI,JPI,38,BCM20,03_io
SPI1_MOSI,UENC0,7,MOSI,03_io
SPI1_MOSI,UENC1,7,MOSI,03_io
SPI1_SCLK,JPI,40,BCM21,03_io
SPI1_SCLK,UENC0,5,SCK,03_io
SPI1_SCLK,UENC1,5,SCK,03_io
V3V3,UWD,1,VDD,02_watchdog
V3V3,UWD,3,EN,02_watchdog
V3V3,UWD,5,SET1,02_watchdog
V3V3,RCWD,1,1,02_watchdog
V3V3,RWDO,1,1,02_watchdog
V3V3,UFF,2,D,02_watchdog
V3V3,UFF,7,nPRE,02_watchdog
V3V3,UFF,8,VCC,02_watchdog
V3V3,SARM,1,1,02_watchdog
V3V3,USCH,5,VCC,02_watchdog
V3V3,UAND,5,VCC,02_watchdog
V3V3,UINV,5,VCC,02_watchdog
V3V3,CWD,1,1,02_watchdog
V3V3,CFF,1,1,02_watchdog
V3V3,CSCH,1,1,02_watchdog
V3V3,CAND,1,1,02_watchdog
V3V3,CINV,1,1,02_watchdog
V3V3,JPI,1,3V3,03_io
V3V3,UADC,15,VREF,03_io
V3V3,UADC,16,VDD,03_io
V3V3,UDIR,9,VDD,03_io
V3V3,RDIR,1,1,03_io
V3V3,UPWM,28,VDD,03_io
V3V3,ROE,1,1,03_io
V3V3,UENC0,10,nINDEX,03_io
V3V3,UENC0,13,CNT_EN,03_io
V3V3,UENC0,14,VDD,03_io
V3V3,JENC0,1,3V3,03_io
V3V3,UENC1,10,nINDEX,03_io
V3V3,UENC1,13,CNT_EN,03_io
V3V3,UENC1,14,VDD,03_io
V3V3,JENC1,1,3V3,03_io
V3V3,X1,1,OE,03_io
V3V3,X1,4,VDD,03_io
V3V3,CADC,1,1,03_io
V3V3,CDIR,1,1,03_io
V3V3,CPWM,1,1,03_io
V3V3,CENC0,1,1,03_io
V3V3,CENC1,1,1,03_io
V3V3,CX,1,1,03_io
V3V3,RSES,1,1,04_sensors
V3V3,RSBU,1,1,04_sensors
V3V3,RSCL,1,1,04_sensors
V3V3,RSGU,1,1,04_sensors
V3V3,RSFU,1,1,04_sensors
V3V3,RB0,1,1,04_sensors
V3V3,RB1,1,1,04_sensors
V3V3,RF,1,1,04_sensors
V3V3,RK,1,1,04_sensors
V3V3,RVT0,1,1,05_motor_left
V3V3,RVT1,1,1,06_motor_right
V3V3,RVT2,1,1,07_motor_brush
V3V3,RVT3,1,1,08_motor_belt
V5,PS1,3,OUT+,01_power
V5,JUSB1,1,V5,01_power
V5,UGATE,5,VCC,02_watchdog
V5,CGATE,1,1,02_watchdog
V5,JB0,1,V5,04_sensors
V5,JB1,1,V5,04_sensors
V5,JRANGE,1,V5,04_sensors
VM_BUS,K1,2,MAIN_OUT,01_power
VM_BUS,CBULK,1,1,01_power
VM_BUS,RBLEED,1,1,01_power
VM_BUS,RPRE,2,2,01_power
VM_BUS,FM0,1,1,05_motor_left
VM_BUS,FM1,1,1,06_motor_right
VM_BUS,FM2,1,1,07_motor_brush
VM_BUS,FM3,1,1,08_motor_belt
WD_OK,UWD,7,nWDO,02_watchdog
WD_OK,UWD,8,ENOUT,02_watchdog
WD_OK,RWDO,2,2,02_watchdog
WD_OK,RWD_PD,1,1,02_watchdog
WD_OK,S1A,1,1,02_watchdog
