name,material,volume_mm3,geometry_mass_kg,estimated_mass_kg,x_mm,y_mm,z_mm,note
frame_side_-1,al,95040.0,0.2566,0.2566,660.0,20.0,20.0,
frame_side_+1,al,95040.0,0.2566,0.2566,660.0,20.0,20.0,
cross_member_-340,al,56160.0,0.1516,0.1516,20.0,390.0,20.0,
cross_member_-15,al,56160.0,0.1516,0.1516,20.0,390.0,20.0,
cross_member_270,al,56160.0,0.1516,0.1516,20.0,390.0,20.0,
bin_support_deck,al,352989.457,0.9531,0.9531,310.0,380.0,3.0,
gusset_-315_-195,al,7294.728,0.0197,0.0197,50.0,50.0,3.0,
gusset_-315_195,al,7294.728,0.0197,0.0197,50.0,50.0,3.0,
gusset_-40_-195,al,7294.728,0.0197,0.0197,50.0,50.0,3.0,
gusset_-40_195,al,7294.728,0.0197,0.0197,50.0,50.0,3.0,
gusset_250_-195,al,7294.728,0.0197,0.0197,50.0,50.0,3.0,
gusset_250_195,al,7294.728,0.0197,0.0197,50.0,50.0,3.0,
tyre_-1,rubber,834658.336,0.9181,0.65,200.0,45.0,200.0,
hub_-1,al,481879.472,1.3011,0.35,126.0,39.0,126.0,
wheel_shaft_-1,steel,9613.274,0.0755,0.0755,12.0,85.0,12.0,
drive_mount_-1,al,29374.944,0.0793,0.0793,62.0,6.0,90.0,motor interface must follow selected gearmotor drawing
drive_motor_envelope_-1,steel,136847.776,1.0743,0.9,44.0,90.0,44.0,"24 V, 30 rpm loaded, >=4 N m continuous; purchase interface not frozen"
wheel_bearing_block_-1,steel,29166.443,0.229,0.12,44.0,16.0,44.0,
tyre_+1,rubber,834658.336,0.9181,0.65,200.0,45.0,200.0,
hub_+1,al,481879.472,1.3011,0.35,126.0,39.0,126.0,
wheel_shaft_+1,steel,9613.274,0.0755,0.0755,12.0,85.0,12.0,
drive_mount_+1,al,29374.944,0.0793,0.0793,62.0,6.0,90.0,motor interface must follow selected gearmotor drawing
drive_motor_envelope_+1,steel,136847.776,1.0743,0.9,44.0,90.0,44.0,"24 V, 30 rpm loaded, >=4 N m continuous; purchase interface not frozen"
wheel_bearing_block_+1,steel,29166.443,0.229,0.12,44.0,16.0,44.0,
caster_tyre_-1,rubber,110446.617,0.1215,0.18,75.0,25.0,75.0,
caster_fork_-1_-1,steel,16200.0,0.1272,0.1272,45.0,4.0,90.0,
caster_fork_-1_+1,steel,16200.0,0.1272,0.1272,45.0,4.0,90.0,
caster_pivot_-1,steel,9424.778,0.074,0.074,20.0,20.0,30.0,
caster_mount_-1,al,15600.0,0.0421,0.0421,65.0,60.0,4.0,
caster_tyre_+1,rubber,110446.617,0.1215,0.18,75.0,25.0,75.0,
caster_fork_+1_-1,steel,16200.0,0.1272,0.1272,45.0,4.0,90.0,
caster_fork_+1_+1,steel,16200.0,0.1272,0.1272,45.0,4.0,90.0,
caster_pivot_+1,steel,9424.778,0.074,0.074,20.0,20.0,30.0,
caster_mount_+1,al,15600.0,0.0421,0.0421,65.0,60.0,4.0,
bin_slide_-1,plastic,24800.0,0.0236,0.0236,310.0,20.0,4.0,
bin_slide_+1,plastic,24800.0,0.0236,0.0236,310.0,20.0,4.0,
removable_bin,plastic,1223148.0,1.162,1.6,320.0,360.0,220.0,HDPE concept; service removal to rear
bin_handle_-1,plastic,22400.0,0.0213,0.0213,80.0,14.0,20.0,
bin_handle_+1,plastic,22400.0,0.0213,0.0213,80.0,14.0,20.0,
battery_8S_LFP_envelope,battery,2576000.0,2.576,2.8,230.0,140.0,80.0,25.6 V 10 Ah pack with BMS; mounting envelope only
battery_strap_-1,steel,9180.0,0.0721,0.0721,18.0,170.0,3.0,
battery_strap_+1,steel,9180.0,0.0721,0.0721,18.0,170.0,3.0,
battery_tray,al,304200.0,0.8213,0.8213,260.0,390.0,3.0,
battery_hanger_-265_-1,al,7400.0,0.02,0.02,20.0,5.0,74.0,
battery_hanger_flange_-265_-1,al,3600.0,0.0097,0.0097,40.0,30.0,3.0,
battery_hanger_-265_+1,al,7400.0,0.02,0.02,20.0,5.0,74.0,
battery_hanger_flange_-265_+1,al,3600.0,0.0097,0.0097,40.0,30.0,3.0,
battery_hanger_-35_-1,al,7400.0,0.02,0.02,20.0,5.0,74.0,
battery_hanger_flange_-35_-1,al,3600.0,0.0097,0.0097,40.0,30.0,3.0,
battery_hanger_-35_+1,al,7400.0,0.02,0.02,20.0,5.0,74.0,
battery_hanger_flange_-35_+1,al,3600.0,0.0097,0.0097,40.0,30.0,3.0,
battery_pad_-225,rubber,21000.0,0.0231,0.0231,30.0,140.0,5.0,
battery_strap_leg_-225_-1,steel,2295.0,0.018,0.018,18.0,1.5,85.0,
battery_strap_leg_-225_+1,steel,2295.0,0.018,0.018,18.0,1.5,85.0,
battery_pad_-75,rubber,21000.0,0.0231,0.0231,30.0,140.0,5.0,
battery_strap_leg_-75_-1,steel,2295.0,0.018,0.018,18.0,1.5,85.0,
battery_strap_leg_-75_+1,steel,2295.0,0.018,0.018,18.0,1.5,85.0,
endless_belt,rubber,1097504.301,1.2073,1.2,386.0,320.0,416.0,closed belt centreline Lc=2*C+2*pi*26.5; cleat bonding not detailed
lower_roller,al,108296.982,0.2924,0.2924,50.0,318.0,50.0,
lower_shaft,steel,44334.156,0.348,0.348,12.0,392.0,12.0,
lower_bearing_-1,steel,20816.637,0.1634,0.12,40.0,14.0,40.0,
lower_bearing_+1,steel,20816.637,0.1634,0.12,40.0,14.0,40.0,
upper_roller,al,108296.982,0.2924,0.2924,50.0,318.0,50.0,
upper_shaft,steel,44334.156,0.348,0.348,12.0,392.0,12.0,
upper_bearing_-1,steel,20816.637,0.1634,0.12,40.0,14.0,40.0,
upper_bearing_+1,steel,20816.637,0.1634,0.12,40.0,14.0,40.0,
cleat_1_1,rubber,37440.0,0.0412,0.0412,21.07,312.0,19.9,flexible TPU; swept interference not certified
cleat_1_0,rubber,37440.0,0.0412,0.0412,21.07,312.0,19.9,flexible TPU; swept interference not certified
cleat_2_1,rubber,37440.0,0.0412,0.0412,21.07,312.0,19.9,flexible TPU; swept interference not certified
cleat_2_0,rubber,37440.0,0.0412,0.0412,21.07,312.0,19.9,flexible TPU; swept interference not certified
cleat_3_1,rubber,37440.0,0.0412,0.0412,21.07,312.0,19.9,flexible TPU; swept interference not certified
cleat_3_0,rubber,37440.0,0.0412,0.0412,21.07,312.0,19.9,flexible TPU; swept interference not certified
cleat_4_1,rubber,37440.0,0.0412,0.0412,21.07,312.0,19.9,flexible TPU; swept interference not certified
cleat_4_0,rubber,37440.0,0.0412,0.0412,21.07,312.0,19.9,flexible TPU; swept interference not certified
conveyor_side_guard_-1,guard,233589.511,0.6307,0.6307,480.5,3.0,506.2,
conveyor_side_guard_+1,guard,233589.511,0.6307,0.6307,480.5,3.0,506.2,
conveyor_roof,guard,319168.691,0.8618,0.8618,307.82,352.0,335.55,fixed interlocked guard; opening sizes need risk assessment
upper_support_-1,al,38880.0,0.105,0.105,20.0,20.0,270.0,
lower_support_-1,al,32000.0,0.0864,0.0864,20.0,20.0,80.0,
upper_support_+1,al,38880.0,0.105,0.105,20.0,20.0,270.0,
lower_support_+1,al,32000.0,0.0864,0.0864,20.0,20.0,80.0,
conveyor_motor_envelope,steel,81681.409,0.6412,0.45,40.0,65.0,40.0,24 V geared motor 45-60 rpm; guarded coupling
conveyor_coupling,steel,14476.459,0.1136,0.1136,24.0,32.0,24.0,
brush_core,plastic,402123.86,0.382,0.382,40.0,320.0,40.0,
brush_shaft,steel,45465.129,0.3569,0.3569,12.0,402.0,12.0,
brush_fin_0,rubber,34344.0,0.0378,0.0378,36.0,318.0,3.0,"flexible TPU, nominal 57 mm envelope"
brush_fin_1,rubber,34344.0,0.0378,0.0378,27.58,318.0,27.58,"flexible TPU, nominal 57 mm envelope"
brush_fin_2,rubber,34344.0,0.0378,0.0378,3.0,318.0,36.0,"flexible TPU, nominal 57 mm envelope"
brush_fin_3,rubber,34344.0,0.0378,0.0378,27.58,318.0,27.58,"flexible TPU, nominal 57 mm envelope"
brush_fin_4,rubber,34344.0,0.0378,0.0378,36.0,318.0,3.0,"flexible TPU, nominal 57 mm envelope"
brush_fin_5,rubber,34344.0,0.0378,0.0378,27.58,318.0,27.58,"flexible TPU, nominal 57 mm envelope"
brush_fin_6,rubber,34344.0,0.0378,0.0378,3.0,318.0,36.0,"flexible TPU, nominal 57 mm envelope"
brush_fin_7,rubber,34344.0,0.0378,0.0378,27.58,318.0,27.58,"flexible TPU, nominal 57 mm envelope"
brush_support_-1,al,38647.611,0.1043,0.1043,85.0,4.0,115.0,
brush_bearing_-1,steel,4021.239,0.0316,0.0316,28.0,8.0,28.0,
brush_support_+1,al,38647.611,0.1043,0.1043,85.0,4.0,115.0,
brush_bearing_+1,steel,4021.239,0.0316,0.0316,28.0,8.0,28.0,
brush_motor_envelope,steel,75398.224,0.5919,0.4,40.0,60.0,40.0,24 V 120 rpm; mounting envelope
brush_coupling,steel,11309.734,0.0888,0.0888,24.0,25.0,24.0,
flexible_pickup_lip,rubber,88320.0,0.0972,0.0972,92.0,320.0,64.0,"replaceable TPU, first contact at floor; adjust during commissioning"
camera_mast_-1,al,64800.0,0.175,0.175,20.0,20.0,450.0,
camera_mast_+1,al,64800.0,0.175,0.175,20.0,20.0,450.0,
camera_crossbar,al,61920.0,0.1672,0.1672,20.0,430.0,20.0,
UVC_camera_envelope,plastic,258400.0,0.2455,0.12,68.0,95.0,40.0,"position / pitch calibrated, not an optical model"
front_range_sensor,plastic,73500.0,0.0698,0.05,35.0,70.0,30.0,sensor volume; sight line must avoid guard
electronics_post_-1,al,37440.0,0.1011,0.1011,20.0,20.0,260.0,
electronics_post_+1,al,37440.0,0.1011,0.1011,20.0,20.0,260.0,
electronics_support_crossbar,al,61344.0,0.1656,0.1656,20.0,426.0,20.0,
electronics_enclosure,plastic,389472.0,0.37,0.37,270.0,140.0,95.0,separate from trash volume; ventilation and sealing not rated
electronics_lid,plastic,113400.0,0.1077,0.1077,270.0,140.0,3.0,
pi5_board_envelope,pcb,7616.0,0.0137,0.05,85.0,56.0,1.6,purchased PCB envelope
power_interconnect_envelope,pcb,19040.0,0.0343,0.3,140.0,85.0,1.6,module mounting area; not routed PCB
pi_cooler_envelope,al,62100.0,0.1677,0.07,60.0,45.0,23.0,
bumper_crossbar,al,70560.0,0.1905,0.1905,20.0,490.0,20.0,
bumper_arm_-1,al,21888.0,0.0591,0.0591,152.0,20.0,20.0,
bumper_arm_+1,al,21888.0,0.0591,0.0591,152.0,20.0,20.0,
rear_bumper,rubber,337500.0,0.3713,0.3713,25.0,450.0,30.0,
front_bumper_-1,rubber,52500.0,0.0578,0.0578,25.0,70.0,30.0,
front_bumper_+1,rubber,52500.0,0.0578,0.0578,25.0,70.0,30.0,
estop_stem,steel,7602.654,0.0597,0.0597,22.0,22.0,20.0,
estop_mushroom,guard,22807.963,0.0616,0.0616,44.0,44.0,15.0,electrical normally-closed dual contact
